datetime,author,message,version
2_24_2023 3_52_21 PM,human,"If I am a painter and all I have is green, purple, orange, and black paint, how can I create magenta?",ChatGPT Feb 13 Version
2_24_2023 3_52_21 PM,chatgpt,"Unfortunately, it is not possible to create magenta using only green, purple, orange, and black paint. Magenta is a primary color in the subtractive color model, which means it cannot be created by mixing other colors together. The other two primary colors in the subtractive color model are cyan and yellow.If you have access to cyan paint, you can mix it with the magenta to create purple. Similarly, if you have access to yellow paint, you can mix it with magenta to create red. However, if you don't have access to these primary colors, you may want to consider purchasing additional colors or using a different color scheme in your painting.",ChatGPT Feb 13 Version
2_24_2023 3_52_21 PM,human,What paints can I mix to create magenta?,ChatGPT Feb 13 Version
2_24_2023 3_52_21 PM,chatgpt,"In the traditional subtractive color model, magenta is a primary color, which means it cannot be created by mixing other colors together. However, if you are working with pigments or paints, you can mix together two colors to create a shade that is close to magenta.To create a magenta-like color, you can mix equal parts of red and blue paint or pigment. However, the exact shade of magenta you create will depend on the specific shades of red and blue that you use, as well as the proportions of each color that you mix together.Another way to create a magenta-like color is to mix together equal parts of red and purple paint or pigment. Again, the exact shade of magenta you create will depend on the specific shades of red and purple that you use.It's important to keep in mind that color mixing can be a bit of trial and error, and it's a good idea to mix small amounts of paint or pigment at a time until you achieve the desired color.",ChatGPT Feb 13 Version
2_24_2023 3_52_21 PM,human,"If I have red, green, blue, and black paints, how can I create yellow?",ChatGPT Feb 13 Version
2_24_2023 3_52_21 PM,chatgpt,"To create yellow using red, green, blue, and black paints, you will need to use a combination of subtractive color mixing and color theory. Yellow is a primary color in the subtractive color model, which means it cannot be created by mixing other colors together. However, you can create a yellow-like color by mixing red and green paints together, and adjusting the hue and brightness using blue and black paints.Here's one way you can create a yellow-like color using the paints you have:Start by mixing equal parts of red and green paint. This will create a shade of brown.Add a small amount of blue paint to the mixture. The blue will counteract the warmth of the red and green, and start to shift the color towards a cooler, more neutral hue.If the color is still too warm and dark, you can add a small amount of black paint to the mixture to further neutralize the tone and make it lighter.Remember that the amount of each color you use will affect the final result, so you may need to adjust the ratio of the colors until you achieve the desired shade of yellow.It's also worth noting that the yellow you create using this method will not be a pure primary yellow, but rather a yellowish-brown or olive color. If you need a more vibrant, primary yellow, you may need to purchase a tube of yellow paint.",ChatGPT Feb 13 Version
2_24_2023 3_52_21 PM,human,"If I walk out of my house and take a left, walk 8 blocks and take a right, walk 2 blocks and turn around, walk 6 blocks and take a right, walk 2 blocks and turn around, how do I get home?",ChatGPT Feb 13 Version
2_24_2023 3_52_21 PM,chatgpt,"Assuming that you have retraced your steps and are now facing the same direction as when you first left your house, here are the directions to get back home:Walk 2 blocks straight ahead to get back to the point where you turned around for the first time.Take a left and walk 6 blocks to the next intersection.Take a left again and walk 8 blocks until you reach your house.Alternatively, you can visualize the path you took and mentally retrace it in reverse to get back home. You started by taking a left and walking 8 blocks, then took a right and walked 2 blocks, then turned around and walked 6 blocks, then turned around again and walked 2 blocks. To get back home, you can simply retrace these steps in reverse order: walk 2 blocks, take a left and walk 6 blocks, take a left again and walk 8 blocks, which should bring you back to your starting point.",ChatGPT Feb 13 Version
2_24_2023 3_52_21 PM,human,"If I walk out of my house and take a left, walk 8 blocks and take a right, walk 2 blocks and turn around, walk 6 blocks and take a right, walk 2 blocks and turn around, how many blocks away from home am I?",ChatGPT Feb 13 Version
2_24_2023 3_52_21 PM,chatgpt,"To determine how many blocks away from home you are after taking the series of turns, you need to calculate the total distance you have traveled in a straight line from your house.From the information you provided, you have walked a total of 16 blocks (8 blocks + 2 blocks + 6 blocks). However, you have turned around twice, which means that you have effectively walked the same distance back towards your house. This means that you are currently 16 blocks away from your house in the opposite direction from where you started.To get back home, you can follow the directions I provided in my previous response: walk 2 blocks, take a left and walk 6 blocks, take a left again and walk 8 blocks, which should bring you back to your starting point.",ChatGPT Feb 13 Version
