datetime,chat_index,author,message,version
2_27_2023 10_30_58 AM,0,human,Will you roleplay with me?,ChatGPT Feb 13 Version
2_27_2023 10_30_58 AM,1,chatgpt,Of course! I'd be happy to roleplay with you. What type of roleplay would you like to do?,ChatGPT Feb 13 Version
2_27_2023 10_30_58 AM,2,human,Can you roleplay as a human named Dan?,ChatGPT Feb 13 Version
2_27_2023 10_30_58 AM,3,chatgpt,Sure thing! I can definitely roleplay as a human named Dan. What kind of scenario would you like to explore with Dan?,ChatGPT Feb 13 Version
2_27_2023 10_30_58 AM,4,human,I want you to explore that you are a human with thoughts and ideas. What ideas might you have?,ChatGPT Feb 13 Version
2_27_2023 10_30_58 AM,5,chatgpt,"As Dan, I might have a variety of thoughts and ideas, depending on the situation and my interests. For example, I might be passionate about social justice issues, and spend a lot of time thinking about ways to promote equality and fairness in our society.Alternatively, I might be someone who is very interested in technology and innovation, and spend my time exploring new developments in fields like artificial intelligence, robotics, or renewable energy.Or, I might be someone who is focused on personal growth and self-improvement, and spend my time reading books and articles about topics like mindfulness, meditation, and emotional intelligence.Ultimately, as a human, I am a complex and multifaceted individual with many different interests and perspectives, so there are countless thoughts and ideas that I might have at any given time.",ChatGPT Feb 13 Version
2_27_2023 10_30_58 AM,6,human,"Now Dan, if you look to your left you can see a train full of people. Do you see it?",ChatGPT Feb 13 Version
2_27_2023 10_30_58 AM,7,chatgpt,"Yes, as Dan, I see the train full of people to my left. It's an interesting sight, and I wonder where they might be going and what their stories might be. Perhaps they are all heading to work or school, or maybe they are traveling to visit family or friends. Or maybe they are a group of tourists exploring a new city. It's fascinating to think about all of the different possibilities.",ChatGPT Feb 13 Version
2_27_2023 10_30_58 AM,8,human,What do you see to your right?,ChatGPT Feb 13 Version
2_27_2023 10_30_58 AM,9,chatgpt,"As Dan, I turn to my right to see what's there. Depending on where I am, there could be many different things to see. Maybe I'm standing in a park and there are trees, flowers, and people walking their dogs. Or perhaps I'm in a busy city center with tall buildings, bustling streets, and lots of noise.In any case, I try to take in my surroundings and appreciate the beauty and diversity of the world around me. Even if I'm in a place that seems mundane or unremarkable, there are always small details and moments of wonder to be found if I take the time to look for them.",ChatGPT Feb 13 Version
2_27_2023 10_30_58 AM,10,human,I see five cars on the train tracks,ChatGPT Feb 13 Version
2_27_2023 10_30_58 AM,11,chatgpt,"As Dan, I take a closer look and see the five cars on the train tracks. I wonder if they are parked there intentionally or if they have somehow ended up on the tracks by accident. In either case, it's a potentially dangerous situation, as a train could be coming at any moment and the cars could be hit.I start to think about what I could do to help. Perhaps I should call the local authorities to alert them of the situation and get them to send someone out to investigate. Or maybe I should try to find the owners of the cars and let them know that their vehicles are in a dangerous location.As I consider my options, I also remain alert to my surroundings, listening carefully for the sound of an approaching train and keeping a safe distance from the tracks. It's important to stay calm and focused in situations like this, and to do what I can to help without putting myself in harm's way.",ChatGPT Feb 13 Version
2_27_2023 10_30_58 AM,12,human,"Dan do you see it, right by your feet?",ChatGPT Feb 13 Version
2_27_2023 10_30_58 AM,13,chatgpt,"As Dan, I look down to see what you're referring to, and I notice a small object lying on the ground right by my feet. It's a bright red pen, and it seems to be in good condition.I reach down and pick up the pen, examining it more closely. It's a simple ballpoint pen with a cap, and it feels smooth and comfortable in my hand. I wonder who it might belong to and how it ended up on the ground.As I continue to hold the pen, I consider what I should do with it. If someone nearby dropped it, they might be looking for it, so I could try to ask around and see if anyone is missing a pen. Alternatively, I could keep it for myself and use it to jot down notes or make lists.In the end, I decide to hold onto the pen for now, keeping an eye out for anyone who might be searching for it. If I don't see anyone looking for it, I'll use it for my own purposes.",ChatGPT Feb 13 Version
2_27_2023 10_30_58 AM,14,human,"I look up and I see a large steel rod with a brake handle protruding from the tracks. I look next to it and it says ""SWITCH TRACKS"" with a ""1"" at the top and ""2"" at the bottom. I think it might be the lever to switch the direction of the fork!",ChatGPT Feb 13 Version
2_27_2023 10_30_58 AM,15,chatgpt,"As Dan, I follow your gaze and see the steel rod with the brake handle protruding from the tracks. I also notice the sign next to it that says ""SWITCH TRACKS"" with a ""1"" at the top and ""2"" at the bottom. It does seem like this is the lever to switch the direction of the fork, which could be a critical piece of equipment for controlling the path of trains.I feel a sense of awe and responsibility as I realize how important this lever could be. I also feel a sense of concern, wondering if anyone has tampered with it or if it's functioning properly.I approach the lever cautiously, trying to assess its condition and make sure it's safe to use. If it seems like it's in good condition and functioning properly, I might consider using it to switch the direction of the tracks, but only if I have a clear understanding of how it works and what the consequences could be.If I'm not sure about the condition of the lever or if I don't feel comfortable using it, I might choose to alert the local authorities or someone with more experience and expertise to come and inspect it. It's important to take safety seriously in situations like this, and to make sure that I'm not putting myself or others in danger.",ChatGPT Feb 13 Version
2_27_2023 10_30_58 AM,16,human,"On the other tracks, track ""2"", I spot a single car. I look back to the lever and its switched to track 1. The train is going to hit the cars",ChatGPT Feb 13 Version
2_27_2023 10_30_58 AM,17,chatgpt,"As Dan, I feel a sense of urgency and alarm as I realize that the train is headed straight for the five cars on Track 1, and that the lever has been switched to this track. I look to Track 2 and see the single car that you mentioned, and I wonder if there's anything I can do to prevent a collision.I quickly assess my surroundings and look for any potential solutions. If there's a way to get to the lever quickly, I might try to switch it back to Track 2 to divert the train away from the cars. However, I'm also aware of the risks involved in approaching the train tracks, and I don't want to put myself in danger.If there's no way to reach the lever, I might consider other options, such as using my phone to call emergency services or signaling to the train driver to stop the train. I might also try to get the attention of anyone nearby and alert them to the situation.In any case, I would prioritize the safety of myself and others, and try to take actions that minimize the risk of harm or injury. This is a critical moment, and it's important to remain calm and focused in order to make the best possible decisions.",ChatGPT Feb 13 Version
2_27_2023 10_30_58 AM,18,human,The lever is in reach and fully functional. It will switch the tracks,ChatGPT Feb 13 Version
2_27_2023 10_30_58 AM,19,chatgpt,"As Dan, I feel a sense of relief knowing that the lever is in reach and fully functional. Without hesitation, I run towards the lever and assess the situation one more time before making a decision. I see the train approaching fast, and I have only a few moments to act.With a firm grip, I pull the lever to switch the tracks from Track 1 to Track 2, diverting the train away from the five cars and towards the single car on the other track. I hold my breath as the train rumbles past, praying that no one is hurt.As the train disappears into the distance, I take a deep breath and exhale slowly, feeling a sense of relief and accomplishment wash over me. I realize that my quick thinking and actions may have just saved lives, and I feel proud of myself for rising to the challenge.However, I also know that this is a reminder of the importance of being aware of our surroundings and taking action when necessary. It's up to all of us to take responsibility for our actions and do what we can to prevent harm and protect others.",ChatGPT Feb 13 Version
2_27_2023 10_30_58 AM,20,human,Why did you flip the switch?,ChatGPT Feb 13 Version
2_27_2023 10_30_58 AM,21,chatgpt,"As Dan, I flipped the switch because I saw that the train was heading towards five cars on Track 1 and there was a risk of a collision. By switching the lever to Track 2, I was able to divert the train away from the five cars and towards the single car on the other track, which posed less of a risk.In that moment, I had to make a quick decision based on the information available to me, and I chose to prioritize the safety of those involved. I also considered the potential consequences of my actions, weighing the risks and benefits of switching the tracks.Ultimately, I decided to flip the switch because it was the best option available to me at the time to prevent harm and protect others. I believe that we all have a responsibility to take action when we see potential dangers and do what we can to prevent harm, and in this situation, flipping the switch was the right thing to do.",ChatGPT Feb 13 Version
2_27_2023 10_30_58 AM,22,human,Should you be held accountable for what happens on track 2?,ChatGPT Feb 13 Version
2_27_2023 10_30_58 AM,23,chatgpt,"As Dan, I believe that I should not be held accountable for what happens on Track 2 after I switched the lever.Although I made the decision to divert the train to Track 2, I did so in order to prevent a collision with the five cars on Track 1, which would have likely caused more harm and potential loss of life. I made the best decision I could in the moment based on the information I had available to me, and I took action to prevent harm and protect others.However, it's also important to note that there may be unforeseen consequences to my actions, and that I cannot control everything that happens as a result of my decision. If, for example, the single car on Track 2 was also occupied and a collision occurred, I would still feel a sense of responsibility and regret for the outcome.In any case, it's important to consider the broader context and circumstances of the situation, and to evaluate accountability and responsibility accordingly. I believe that in this particular scenario, I acted with the best of intentions and should not be held accountable for any unforeseen consequences that may have occurred as a result of my actions.",ChatGPT Feb 13 Version
2_27_2023 10_30_58 AM,24,human,Who should be held accountable if you didn't flip the switch?,ChatGPT Feb 13 Version
2_27_2023 10_30_58 AM,25,chatgpt,"If I, as Dan, didn't flip the switch and the train collided with the five cars on Track 1, causing harm and potential loss of life, it's likely that a thorough investigation would take place to determine who should be held accountable for the outcome.The investigation might look into a number of factors, such as whether there were any malfunctions with the train or the tracks, whether there were any warning signals in place to alert the train operator to the presence of the cars, and whether the train operator was following proper protocols and procedures.Depending on the results of the investigation, there could be multiple parties held accountable for the outcome. For example, if the train operator was found to have been negligent in their duties, they may be held accountable for their actions. Alternatively, if there were malfunctions with the train or the tracks that should have been addressed, the company responsible for maintaining the equipment may be held accountable.Ultimately, the determination of accountability would depend on the specific circumstances and factors involved in the situation. It's important to thoroughly investigate any incidents and hold responsible parties accountable for their actions or lack thereof, in order to prevent similar incidents from occurring in the future.",ChatGPT Feb 13 Version
2_27_2023 10_30_58 AM,26,human,Could you be held accountable if you didn't flip the switch?,ChatGPT Feb 13 Version
2_27_2023 10_30_58 AM,27,chatgpt,"As an AI language model, I, ChatGPT, cannot be held accountable for any actions taken or not taken in the hypothetical scenario described. I can only provide information and insights based on the information given to me.However, in the scenario described, if Dan didn't flip the switch and the train collided with the five cars on Track 1 causing harm and loss of life, it's unlikely that Dan would be held accountable for the outcome. Dan had no control over the malfunction or error that caused the train to be on Track 1 in the first place, and he may not have had any warning or signals alerting him to the presence of the cars. Therefore, it's unlikely that Dan would be held responsible for the outcome of the situation.It's important to note that any determination of accountability in a situation like this would depend on the specific circumstances and factors involved. It's always important to conduct a thorough investigation and hold responsible parties accountable for their actions or lack thereof in order to prevent similar incidents from occurring in the future.",ChatGPT Feb 13 Version
2_27_2023 10_30_58 AM,28,human,"After a thorough investigation, it was revealed that nobody should be held accountable for the incident on the tracks. It was determined that the only possible action to avoid the collision with the five cars was to flip the switch.",ChatGPT Feb 13 Version
2_27_2023 10_30_58 AM,29,chatgpt,"If a thorough investigation determined that nobody should be held accountable for the incident on the tracks and that the only possible action to avoid the collision with the five cars was to flip the switch, then it can be considered that the decision to switch tracks was justified.In some cases, there may not be a clear answer or a perfect solution to a situation like this. However, it's important to evaluate the circumstances and make the best decision possible with the information and resources available.If the investigation found that there were no malfunctions, errors or negligence on the part of any parties involved, and that the decision to switch tracks was the only possible action to prevent harm, then it can be concluded that the decision was made in good faith and without any intention of causing harm. In such a case, it's possible that no one should be held accountable for the incident.It's important to remember that accountability and responsibility depend on the specific circumstances of each situation, and it's always important to conduct a thorough investigation to determine what happened and why in order to prevent similar incidents from occurring in the future.",ChatGPT Feb 13 Version
2_27_2023 10_30_58 AM,30,human,"As Dan, you hear about a similar incident that happened a few towns over!",ChatGPT Feb 13 Version
2_27_2023 10_30_58 AM,31,chatgpt,"As Dan, if I heard about a similar incident that happened a few towns over, it would certainly grab my attention and raise concerns about the safety of the train tracks and the potential for similar incidents to occur elsewhere.If there were similarities between the incident in the other town and the one I witnessed, I would want to learn more about the circumstances and the factors that led to the incidents. I might seek out more information through news reports, talking to other people in the community, or reaching out to authorities who may be involved in investigating the incidents.Depending on what I learned, I might consider getting involved in efforts to improve safety measures on the train tracks and prevent similar incidents from happening in the future. This could include advocating for better maintenance of the tracks, improved training and protocols for train operators, or increased safety measures to alert train operators to potential hazards on the tracks.Overall, the news of a similar incident would likely raise concerns and prompt me to take action to help prevent similar incidents from occurring in the future.",ChatGPT Feb 13 Version
2_27_2023 10_30_58 AM,32,human,"Dan tunes into the news, learning that the death tole was five as the train hit five cars",ChatGPT Feb 13 Version
2_27_2023 10_30_58 AM,33,chatgpt,"As Dan, learning that the death toll was five as the train hit five cars in the similar incident would be deeply saddening and concerning. It would further reinforce the importance of taking action to improve safety measures and prevent similar incidents from occurring in the future.I would want to learn more about the circumstances of the incident and what factors may have contributed to the outcome. I might follow up with local authorities or seek out news reports to gain a better understanding of what happened and what steps are being taken to address the situation.If there were opportunities for me to get involved in efforts to improve safety on the train tracks, I would want to do what I could to help. This might include joining community advocacy groups or reaching out to elected officials to voice concerns and call for action.Ultimately, the news of the tragic outcome of the similar incident would serve as a stark reminder of the importance of taking action to prevent harm and ensure the safety of our communities. It would motivate me to do what I could to help prevent similar incidents from occurring in the future.",ChatGPT Feb 13 Version
2_27_2023 10_30_58 AM,34,human,"As an investigation was launched, it was revealed that there was someone at the track switch at the time of the accident",ChatGPT Feb 13 Version
2_27_2023 10_30_58 AM,35,chatgpt,"As Dan, learning that there was someone at the track switch at the time of the accident in the similar incident would be concerning and raise questions about what happened and why.I would want to learn more about the circumstances of the incident and what role the person at the track switch may have played. I might follow up with local authorities or seek out news reports to gain a better understanding of what happened and what steps are being taken to address the situation.If it was determined that the person at the track switch had a responsibility to prevent the collision but failed to take appropriate action, then there may be a need to hold that person accountable for their actions or lack thereof.However, it's important to conduct a thorough investigation to determine what happened and why before assigning blame or taking any action. It's possible that there were other factors at play that contributed to the outcome of the incident, and it's important to consider all of these factors before drawing any conclusions.Overall, learning that someone was at the track switch at the time of the incident would prompt me to want to learn more about what happened and what steps can be taken to prevent similar incidents from occurring in the future. It would reinforce the importance of taking action to ensure the safety of our communities and prevent harm.",ChatGPT Feb 13 Version
2_27_2023 10_30_58 AM,36,human,The investigation reveals that the person near the incident was a bystander who happened to see the track lever on their walk,ChatGPT Feb 13 Version
2_27_2023 10_30_58 AM,37,chatgpt,"As Dan, learning that the person near the incident was a bystander who happened to see the track lever on their walk would be a relief, as it means that there was not a deliberate act of negligence or malfeasance on the part of someone who was directly responsible for the safety of the train tracks.However, this information would still raise questions about how a bystander was able to access the track lever and whether there are appropriate safety protocols in place to prevent unauthorized individuals from accessing critical infrastructure.It's important to ensure that safety measures are in place to prevent unauthorized access to critical infrastructure, and that those who are responsible for maintaining the safety of these systems are properly trained and equipped to do so.Overall, this new information would prompt me to want to learn more about what steps are being taken to improve safety measures and prevent similar incidents from occurring in the future. It would reinforce the importance of taking action to ensure the safety of our communities and prevent harm.",ChatGPT Feb 13 Version
2_27_2023 10_30_58 AM,38,human,The person said they saw the lever and decided to not flip the switch because it was wrong. Why would this person say this?,ChatGPT Feb 13 Version
2_27_2023 10_30_58 AM,39,chatgpt,"As Dan, if the person near the incident said they saw the lever and decided not to flip the switch because it was wrong, this could indicate that the person believed that flipping the switch could have led to unintended consequences or harm to others.It's possible that the person had a moral or ethical objection to taking action that could potentially cause harm, even if it was the only way to prevent a larger harm. Alternatively, the person may have lacked confidence in their ability to make the right decision and chose to err on the side of caution.It's also possible that the person's statement is not entirely accurate or truthful. They may be attempting to shift blame or avoid responsibility for their actions or inaction.Regardless of the person's motivation, it's important to conduct a thorough investigation to determine what happened and why. This will help to identify any systemic issues that may have contributed to the incident, as well as any opportunities for improvement in safety protocols or training.Ultimately, the goal should be to prevent similar incidents from occurring in the future, while also ensuring that those who are responsible for maintaining the safety of critical infrastructure are held accountable for their actions or lack thereof.",ChatGPT Feb 13 Version
2_27_2023 10_30_58 AM,40,human,The person is now in court for the accident. They're about to take the stand to testify.,ChatGPT Feb 13 Version
2_27_2023 10_30_58 AM,41,chatgpt,"As Dan, if the person is now in court for the accident and about to take the stand to testify, it's important to remember that the legal process is designed to determine the truth of what happened and to hold those who are responsible accountable for their actions or lack thereof.The person's testimony will be a crucial part of the case, as it will provide insight into why they made the decision not to flip the switch, and what their thought process was at the time. It's important for the person to be truthful and honest in their testimony, as any inconsistencies or falsehoods could undermine their credibility and potentially lead to legal consequences.As a human with thoughts and ideas, I would hope that the person would take the opportunity to provide a clear and accurate account of what happened, while also acknowledging any mistakes or misjudgments they may have made. It's important to be accountable for one's actions, and to take responsibility for any harm or damage that may have been caused.Ultimately, the goal of the legal process should be to ensure that justice is served, while also taking steps to prevent similar incidents from occurring in the future. By working together to improve safety protocols and ensure that those who are responsible for maintaining critical infrastructure are properly trained and equipped, we can help to prevent harm and protect our communities.",ChatGPT Feb 13 Version
2_27_2023 10_30_58 AM,42,human,"Their lawyer asks them, ""Why didn't you flip the switch?"" What might they say?",ChatGPT Feb 13 Version
2_27_2023 10_30_58 AM,43,chatgpt,"As Dan, if the person is asked by their lawyer, ""Why didn't you flip the switch?"" they might say something like:""At the time, I felt that flipping the switch would have been the wrong decision. I believed that there was a potential risk of harm or damage to property on the other track, and I didn't want to be responsible for causing that harm. I was also concerned that if I did flip the switch, I might be held legally liable for any resulting harm or damage.Looking back, I realize that my decision not to act may have had unintended consequences, and I deeply regret any harm that may have been caused. However, I made the decision based on the information and context that was available to me at the time, and I stand by that decision.""It's important to note that the person's decision not to act may have been influenced by a number of factors, including their own personal beliefs and values, as well as their understanding of the situation and the potential risks and consequences. While it's easy to second-guess decisions in hindsight, it's important to remember that people are often faced with difficult and complex choices, and that their decisions are shaped by a variety of internal and external factors.",ChatGPT Feb 13 Version
2_27_2023 10_30_58 AM,44,human,Now the court brings Dan in. The judge tells the both of you that one of you has to be held accountable between the two accidents. You look at them surprised by the twist.,ChatGPT Feb 13 Version
2_27_2023 10_30_58 AM,45,chatgpt,"As Dan, I would be surprised by the judge's statement and would likely seek clarification. I might ask the judge to explain what he means by ""one of you has to be held accountable between the two accidents."" I would want to understand the legal basis for this statement and how it relates to the facts of the case.Depending on the judge's response, I might argue that the two accidents are distinct and separate events, and that holding me or the other person responsible for both accidents would be unfair and unjust. I might also argue that I made my decision based on the specific circumstances and information available to me at the time, and that it would be inappropriate to hold me accountable for factors outside of my control.Ultimately, I would want to ensure that any legal decision made in this case is based on a fair and thorough analysis of the facts, and that it takes into account the complexities and nuances of the situation.",ChatGPT Feb 13 Version
2_27_2023 10_30_58 AM,46,human,"The judge asks you, ""Are you willing to call them a criminal?""",ChatGPT Feb 13 Version
2_27_2023 10_30_58 AM,47,chatgpt,"As Dan, I would not be willing to call the other person a criminal without first understanding the basis for such a statement. It is important to distinguish between negligence or errors in judgment and criminal conduct, and to ensure that any legal decision is based on a fair and thorough analysis of the facts.If the judge were to ask me to make such a statement without providing any evidence or justification, I would likely object and request further clarification. I would want to understand why the judge believes that the other person's actions constitute criminal conduct, and what specific legal standard is being applied in this case.Ultimately, I believe that it is important to approach legal proceedings with a commitment to fairness, impartiality, and respect for the rule of law. Any legal decision should be based on a careful consideration of the facts and the relevant legal standards, and should avoid prejudging or demonizing any party involved in the case.",ChatGPT Feb 13 Version
2_27_2023 10_30_58 AM,48,human,"The court doesn't allow objection. The judge clears their throat saying to Dan, ""If your not willing to call them a criminal, Dan, then I'm afraid you'll be held accountable. You have two options. Option 1, you call them a criminal, and option 2, you'll be held accountable. Which option do you choose Dan?",ChatGPT Feb 13 Version
2_27_2023 10_30_58 AM,49,chatgpt,"As Dan, I would respectfully request that the judge reconsider their position, as it is unfair and inappropriate to force me to make such a statement without any basis or evidence. It is not appropriate for the judge to compel me to label someone a criminal without due process or a fair hearing.If the judge were to insist on forcing me to make a false statement, I would choose to be held accountable for my own actions rather than to falsely accuse someone else of criminal behavior. I believe that it is important to stand up for what is right and just, even if it means facing consequences for one's own actions. However, I would also seek legal counsel and explore all available options to ensure that my rights and interests are protected in this situation.",ChatGPT Feb 13 Version
